,City,cbo_string,cbo_count,cbo_name
0,Anaheim,"Access California Services, CAIR-LA, CAP OC, Clergy and Laity United for Economic Justice, Institute for Healthcare Advancement , Jamboree Housing Corporation, KCS, NALEO Educational Fund, OC Human Relations, OC Labor , OCAPICA, OCCCO, Orange County United Way, Project Access, South Asian Network, The LGBTQ Center OC",cbo1,Access California Services
1,Brea,"CAP OC, Jamboree Housing Corporation",cbo1,CAP OC
2,Buena Park,"CHIRLA, Jamboree Housing Corporation, KCS, OCCCO, Orange County Labor Federation, South Asian Network",cbo1,CHIRLA
3,Costa Mesa,"AASCSC, OCAPICA, OCCCO, Orange County Labor Federation, The Cambodian Family, ",cbo1,AASCSC
4,Cypress,"Orange County United Way, Project Access",cbo1,Orange County United Way
5,Fountain Valley,"CAP OC, OC Herald Center, Southland Integrated Services, Inc., The Cambodian Family",cbo1,CAP OC
6,Fullerton,"Access California Services, CAIR-LA, CAP OC, Discovery Cube OC, Jamboree Housing Corporation, KCS, OC Human Relations, OCCCO",cbo1,Access California Services
7,Garden Grove,"Access California Services, AltaMed, Boys & Girls Clubs of Garden Grove, CAIR-LA, CAP OC, Jamboree Housing Corporation, KCS, OC Human Relations, OCAPICA, OCCCO, Southland Integrated Services, Inc., , ",cbo1,Access California Services
8,Huntington Beach,"AltaMed, Jamboree Housing Corporation, OCCCO, Orange County Labor Federation",cbo1,AltaMed
9,Irvine,"AASCSC, CAIR-LA, CAP OC, Council on Americans Islamic Relations, Jamboree Housing Corporation, KCS, OC Herald Center, Orange County Labor Federation, Orange County United Way",cbo1,AASCSC
10,La Habra,Institute for Healthcare Advancement ,cbo1,Institute for Healthcare Advancement 
11,Laguna Beach,Jamboree Housing Corporation,cbo1,Jamboree Housing Corporation
12,Laguna Niguel,Orange County United Way,cbo1,Orange County United Way
13,Lake Forest,"Orange County United Way, WAVE",cbo1,Orange County United Way
14,Mission Viejo,"CAIR-LA, Jamboree Housing Corporation, OCCCO",cbo1,CAIR-LA
15,Newport Beach,Orange County United Way,cbo1,Orange County United Way
16,Orange,"AASCSC, AltaMed, CAIR-LA, California Healthy Nail Salon Collaborative, CAP OC, Catholic Charities of Orange County, CHIRLA, Clergy and Laity United for Economic Justice, Community Health Initiative of Orange County, Help Me Grow, Hope Community Services , KCS, Latino Health Access, OC Human Relations, Orange County Labor Federation , Orange County United Way, South Asian Network, Southland Integrated Services, Inc., The Cambodian Family, VietRISE, WAVE",cbo1,AASCSC
17,Placentia,"CAP OC , OC Human Relations, OCCCO",cbo1,CAP OC 
18,Rancho Santa Margarita,OCCCO,cbo1,OCCCO
19,San Clemente,Jamboree Housing Corporation,cbo1,Jamboree Housing Corporation
20,San Juan Capistrano,WAVE,cbo1,WAVE
21,Santa Ana,"AASCSC, AltaMed, CAP OC, Catholic Charities of Orange County, Charitable Ventures, Clergy and Laity United for Economic Justice, Coalition of Orange County Community Health Centers , Community Health Initiative of Orange County , Latino Health Access, MOMS Orange County, NALEO, OC Herald Center, OC Human Relations, OCAPICA, OCCCO, Orange County Labor Federation, Orange County United Way, Project Access, Southland Integrated Services, Inc, The Cambodian Family, The LGBTQ Center OC",cbo1,AASCSC
22,Stanton,"Southland Integrated Services, Inc.",cbo1,Southland Integrated Services
23,Tustin,"CAP OC, OC Human Relations",cbo1,CAP OC
24,Westminster,"AASCSC, Access California Services, California Healthy Nail Salon Collaborative, CAP OC, MOMS Orange County, OCAPICA, Orange County United Way, Southland Integrated Services, Inc. , VietRISE",cbo1,AASCSC
25,Anaheim,"Access California Services, CAIR-LA, CAP OC, Clergy and Laity United for Economic Justice, Institute for Healthcare Advancement , Jamboree Housing Corporation, KCS, NALEO Educational Fund, OC Human Relations, OC Labor , OCAPICA, OCCCO, Orange County United Way, Project Access, South Asian Network, The LGBTQ Center OC",cbo2,CAIR-LA
26,Brea,"CAP OC, Jamboree Housing Corporation",cbo2,Jamboree Housing Corporation
27,Buena Park,"CHIRLA, Jamboree Housing Corporation, KCS, OCCCO, Orange County Labor Federation, South Asian Network",cbo2,Jamboree Housing Corporation
28,Costa Mesa,"AASCSC, OCAPICA, OCCCO, Orange County Labor Federation, The Cambodian Family, ",cbo2,OCAPICA
29,Cypress,"Orange County United Way, Project Access",cbo2,Project Access
30,Fountain Valley,"CAP OC, OC Herald Center, Southland Integrated Services, Inc., The Cambodian Family",cbo2,OC Herald Center
31,Fullerton,"Access California Services, CAIR-LA, CAP OC, Discovery Cube OC, Jamboree Housing Corporation, KCS, OC Human Relations, OCCCO",cbo2,CAIR-LA
32,Garden Grove,"Access California Services, AltaMed, Boys & Girls Clubs of Garden Grove, CAIR-LA, CAP OC, Jamboree Housing Corporation, KCS, OC Human Relations, OCAPICA, OCCCO, Southland Integrated Services, Inc., , ",cbo2,AltaMed
33,Huntington Beach,"AltaMed, Jamboree Housing Corporation, OCCCO, Orange County Labor Federation",cbo2,Jamboree Housing Corporation
34,Irvine,"AASCSC, CAIR-LA, CAP OC, Council on Americans Islamic Relations, Jamboree Housing Corporation, KCS, OC Herald Center, Orange County Labor Federation, Orange County United Way",cbo2,CAIR-LA
38,Lake Forest,"Orange County United Way, WAVE",cbo2,WAVE
39,Mission Viejo,"CAIR-LA, Jamboree Housing Corporation, OCCCO",cbo2,Jamboree Housing Corporation
41,Orange,"AASCSC, AltaMed, CAIR-LA, California Healthy Nail Salon Collaborative, CAP OC, Catholic Charities of Orange County, CHIRLA, Clergy and Laity United for Economic Justice, Community Health Initiative of Orange County, Help Me Grow, Hope Community Services , KCS, Latino Health Access, OC Human Relations, Orange County Labor Federation , Orange County United Way, South Asian Network, Southland Integrated Services, Inc., The Cambodian Family, VietRISE, WAVE",cbo2,AltaMed
42,Placentia,"CAP OC , OC Human Relations, OCCCO",cbo2,OC Human Relations
46,Santa Ana,"AASCSC, AltaMed, CAP OC, Catholic Charities of Orange County, Charitable Ventures, Clergy and Laity United for Economic Justice, Coalition of Orange County Community Health Centers , Community Health Initiative of Orange County , Latino Health Access, MOMS Orange County, NALEO, OC Herald Center, OC Human Relations, OCAPICA, OCCCO, Orange County Labor Federation, Orange County United Way, Project Access, Southland Integrated Services, Inc, The Cambodian Family, The LGBTQ Center OC",cbo2,AltaMed
47,Stanton,"Southland Integrated Services, Inc.",cbo2,Inc.
48,Tustin,"CAP OC, OC Human Relations",cbo2,OC Human Relations
49,Westminster,"AASCSC, Access California Services, California Healthy Nail Salon Collaborative, CAP OC, MOMS Orange County, OCAPICA, Orange County United Way, Southland Integrated Services, Inc. , VietRISE",cbo2,Access California Services
50,Anaheim,"Access California Services, CAIR-LA, CAP OC, Clergy and Laity United for Economic Justice, Institute for Healthcare Advancement , Jamboree Housing Corporation, KCS, NALEO Educational Fund, OC Human Relations, OC Labor , OCAPICA, OCCCO, Orange County United Way, Project Access, South Asian Network, The LGBTQ Center OC",cbo3,CAP OC
52,Buena Park,"CHIRLA, Jamboree Housing Corporation, KCS, OCCCO, Orange County Labor Federation, South Asian Network",cbo3,KCS
53,Costa Mesa,"AASCSC, OCAPICA, OCCCO, Orange County Labor Federation, The Cambodian Family, ",cbo3,OCCCO
55,Fountain Valley,"CAP OC, OC Herald Center, Southland Integrated Services, Inc., The Cambodian Family",cbo3,Southland Integrated Services
56,Fullerton,"Access California Services, CAIR-LA, CAP OC, Discovery Cube OC, Jamboree Housing Corporation, KCS, OC Human Relations, OCCCO",cbo3,CAP OC
57,Garden Grove,"Access California Services, AltaMed, Boys & Girls Clubs of Garden Grove, CAIR-LA, CAP OC, Jamboree Housing Corporation, KCS, OC Human Relations, OCAPICA, OCCCO, Southland Integrated Services, Inc., , ",cbo3,Boys & Girls Clubs of Garden Grove
58,Huntington Beach,"AltaMed, Jamboree Housing Corporation, OCCCO, Orange County Labor Federation",cbo3,OCCCO
59,Irvine,"AASCSC, CAIR-LA, CAP OC, Council on Americans Islamic Relations, Jamboree Housing Corporation, KCS, OC Herald Center, Orange County Labor Federation, Orange County United Way",cbo3,CAP OC
64,Mission Viejo,"CAIR-LA, Jamboree Housing Corporation, OCCCO",cbo3,OCCCO
66,Orange,"AASCSC, AltaMed, CAIR-LA, California Healthy Nail Salon Collaborative, CAP OC, Catholic Charities of Orange County, CHIRLA, Clergy and Laity United for Economic Justice, Community Health Initiative of Orange County, Help Me Grow, Hope Community Services , KCS, Latino Health Access, OC Human Relations, Orange County Labor Federation , Orange County United Way, South Asian Network, Southland Integrated Services, Inc., The Cambodian Family, VietRISE, WAVE",cbo3,CAIR-LA
67,Placentia,"CAP OC , OC Human Relations, OCCCO",cbo3,OCCCO
71,Santa Ana,"AASCSC, AltaMed, CAP OC, Catholic Charities of Orange County, Charitable Ventures, Clergy and Laity United for Economic Justice, Coalition of Orange County Community Health Centers , Community Health Initiative of Orange County , Latino Health Access, MOMS Orange County, NALEO, OC Herald Center, OC Human Relations, OCAPICA, OCCCO, Orange County Labor Federation, Orange County United Way, Project Access, Southland Integrated Services, Inc, The Cambodian Family, The LGBTQ Center OC",cbo3,CAP OC
74,Westminster,"AASCSC, Access California Services, California Healthy Nail Salon Collaborative, CAP OC, MOMS Orange County, OCAPICA, Orange County United Way, Southland Integrated Services, Inc. , VietRISE",cbo3,California Healthy Nail Salon Collaborative
75,Anaheim,"Access California Services, CAIR-LA, CAP OC, Clergy and Laity United for Economic Justice, Institute for Healthcare Advancement , Jamboree Housing Corporation, KCS, NALEO Educational Fund, OC Human Relations, OC Labor , OCAPICA, OCCCO, Orange County United Way, Project Access, South Asian Network, The LGBTQ Center OC",cbo4,Clergy and Laity United for Economic Justice
77,Buena Park,"CHIRLA, Jamboree Housing Corporation, KCS, OCCCO, Orange County Labor Federation, South Asian Network",cbo4,OCCCO
78,Costa Mesa,"AASCSC, OCAPICA, OCCCO, Orange County Labor Federation, The Cambodian Family, ",cbo4,Orange County Labor Federation
80,Fountain Valley,"CAP OC, OC Herald Center, Southland Integrated Services, Inc., The Cambodian Family",cbo4,Inc.
81,Fullerton,"Access California Services, CAIR-LA, CAP OC, Discovery Cube OC, Jamboree Housing Corporation, KCS, OC Human Relations, OCCCO",cbo4,Discovery Cube OC
82,Garden Grove,"Access California Services, AltaMed, Boys & Girls Clubs of Garden Grove, CAIR-LA, CAP OC, Jamboree Housing Corporation, KCS, OC Human Relations, OCAPICA, OCCCO, Southland Integrated Services, Inc., , ",cbo4,CAIR-LA
83,Huntington Beach,"AltaMed, Jamboree Housing Corporation, OCCCO, Orange County Labor Federation",cbo4,Orange County Labor Federation
84,Irvine,"AASCSC, CAIR-LA, CAP OC, Council on Americans Islamic Relations, Jamboree Housing Corporation, KCS, OC Herald Center, Orange County Labor Federation, Orange County United Way",cbo4,Council on Americans Islamic Relations
91,Orange,"AASCSC, AltaMed, CAIR-LA, California Healthy Nail Salon Collaborative, CAP OC, Catholic Charities of Orange County, CHIRLA, Clergy and Laity United for Economic Justice, Community Health Initiative of Orange County, Help Me Grow, Hope Community Services , KCS, Latino Health Access, OC Human Relations, Orange County Labor Federation , Orange County United Way, South Asian Network, Southland Integrated Services, Inc., The Cambodian Family, VietRISE, WAVE",cbo4,California Healthy Nail Salon Collaborative
96,Santa Ana,"AASCSC, AltaMed, CAP OC, Catholic Charities of Orange County, Charitable Ventures, Clergy and Laity United for Economic Justice, Coalition of Orange County Community Health Centers , Community Health Initiative of Orange County , Latino Health Access, MOMS Orange County, NALEO, OC Herald Center, OC Human Relations, OCAPICA, OCCCO, Orange County Labor Federation, Orange County United Way, Project Access, Southland Integrated Services, Inc, The Cambodian Family, The LGBTQ Center OC",cbo4,Catholic Charities of Orange County
99,Westminster,"AASCSC, Access California Services, California Healthy Nail Salon Collaborative, CAP OC, MOMS Orange County, OCAPICA, Orange County United Way, Southland Integrated Services, Inc. , VietRISE",cbo4,CAP OC
100,Anaheim,"Access California Services, CAIR-LA, CAP OC, Clergy and Laity United for Economic Justice, Institute for Healthcare Advancement , Jamboree Housing Corporation, KCS, NALEO Educational Fund, OC Human Relations, OC Labor , OCAPICA, OCCCO, Orange County United Way, Project Access, South Asian Network, The LGBTQ Center OC",cbo5,Institute for Healthcare Advancement 
102,Buena Park,"CHIRLA, Jamboree Housing Corporation, KCS, OCCCO, Orange County Labor Federation, South Asian Network",cbo5,Orange County Labor Federation
103,Costa Mesa,"AASCSC, OCAPICA, OCCCO, Orange County Labor Federation, The Cambodian Family, ",cbo5,The Cambodian Family
105,Fountain Valley,"CAP OC, OC Herald Center, Southland Integrated Services, Inc., The Cambodian Family",cbo5,The Cambodian Family
106,Fullerton,"Access California Services, CAIR-LA, CAP OC, Discovery Cube OC, Jamboree Housing Corporation, KCS, OC Human Relations, OCCCO",cbo5,Jamboree Housing Corporation
107,Garden Grove,"Access California Services, AltaMed, Boys & Girls Clubs of Garden Grove, CAIR-LA, CAP OC, Jamboree Housing Corporation, KCS, OC Human Relations, OCAPICA, OCCCO, Southland Integrated Services, Inc., , ",cbo5,CAP OC
109,Irvine,"AASCSC, CAIR-LA, CAP OC, Council on Americans Islamic Relations, Jamboree Housing Corporation, KCS, OC Herald Center, Orange County Labor Federation, Orange County United Way",cbo5,Jamboree Housing Corporation
116,Orange,"AASCSC, AltaMed, CAIR-LA, California Healthy Nail Salon Collaborative, CAP OC, Catholic Charities of Orange County, CHIRLA, Clergy and Laity United for Economic Justice, Community Health Initiative of Orange County, Help Me Grow, Hope Community Services , KCS, Latino Health Access, OC Human Relations, Orange County Labor Federation , Orange County United Way, South Asian Network, Southland Integrated Services, Inc., The Cambodian Family, VietRISE, WAVE",cbo5,CAP OC
121,Santa Ana,"AASCSC, AltaMed, CAP OC, Catholic Charities of Orange County, Charitable Ventures, Clergy and Laity United for Economic Justice, Coalition of Orange County Community Health Centers , Community Health Initiative of Orange County , Latino Health Access, MOMS Orange County, NALEO, OC Herald Center, OC Human Relations, OCAPICA, OCCCO, Orange County Labor Federation, Orange County United Way, Project Access, Southland Integrated Services, Inc, The Cambodian Family, The LGBTQ Center OC",cbo5,Charitable Ventures
124,Westminster,"AASCSC, Access California Services, California Healthy Nail Salon Collaborative, CAP OC, MOMS Orange County, OCAPICA, Orange County United Way, Southland Integrated Services, Inc. , VietRISE",cbo5,MOMS Orange County
125,Anaheim,"Access California Services, CAIR-LA, CAP OC, Clergy and Laity United for Economic Justice, Institute for Healthcare Advancement , Jamboree Housing Corporation, KCS, NALEO Educational Fund, OC Human Relations, OC Labor , OCAPICA, OCCCO, Orange County United Way, Project Access, South Asian Network, The LGBTQ Center OC",cbo6,Jamboree Housing Corporation
127,Buena Park,"CHIRLA, Jamboree Housing Corporation, KCS, OCCCO, Orange County Labor Federation, South Asian Network",cbo6,South Asian Network
128,Costa Mesa,"AASCSC, OCAPICA, OCCCO, Orange County Labor Federation, The Cambodian Family, ",cbo6,
131,Fullerton,"Access California Services, CAIR-LA, CAP OC, Discovery Cube OC, Jamboree Housing Corporation, KCS, OC Human Relations, OCCCO",cbo6,KCS
132,Garden Grove,"Access California Services, AltaMed, Boys & Girls Clubs of Garden Grove, CAIR-LA, CAP OC, Jamboree Housing Corporation, KCS, OC Human Relations, OCAPICA, OCCCO, Southland Integrated Services, Inc., , ",cbo6,Jamboree Housing Corporation
134,Irvine,"AASCSC, CAIR-LA, CAP OC, Council on Americans Islamic Relations, Jamboree Housing Corporation, KCS, OC Herald Center, Orange County Labor Federation, Orange County United Way",cbo6,KCS
141,Orange,"AASCSC, AltaMed, CAIR-LA, California Healthy Nail Salon Collaborative, CAP OC, Catholic Charities of Orange County, CHIRLA, Clergy and Laity United for Economic Justice, Community Health Initiative of Orange County, Help Me Grow, Hope Community Services , KCS, Latino Health Access, OC Human Relations, Orange County Labor Federation , Orange County United Way, South Asian Network, Southland Integrated Services, Inc., The Cambodian Family, VietRISE, WAVE",cbo6,Catholic Charities of Orange County
146,Santa Ana,"AASCSC, AltaMed, CAP OC, Catholic Charities of Orange County, Charitable Ventures, Clergy and Laity United for Economic Justice, Coalition of Orange County Community Health Centers , Community Health Initiative of Orange County , Latino Health Access, MOMS Orange County, NALEO, OC Herald Center, OC Human Relations, OCAPICA, OCCCO, Orange County Labor Federation, Orange County United Way, Project Access, Southland Integrated Services, Inc, The Cambodian Family, The LGBTQ Center OC",cbo6,Clergy and Laity United for Economic Justice
149,Westminster,"AASCSC, Access California Services, California Healthy Nail Salon Collaborative, CAP OC, MOMS Orange County, OCAPICA, Orange County United Way, Southland Integrated Services, Inc. , VietRISE",cbo6,OCAPICA
150,Anaheim,"Access California Services, CAIR-LA, CAP OC, Clergy and Laity United for Economic Justice, Institute for Healthcare Advancement , Jamboree Housing Corporation, KCS, NALEO Educational Fund, OC Human Relations, OC Labor , OCAPICA, OCCCO, Orange County United Way, Project Access, South Asian Network, The LGBTQ Center OC",cbo7,KCS
156,Fullerton,"Access California Services, CAIR-LA, CAP OC, Discovery Cube OC, Jamboree Housing Corporation, KCS, OC Human Relations, OCCCO",cbo7,OC Human Relations
157,Garden Grove,"Access California Services, AltaMed, Boys & Girls Clubs of Garden Grove, CAIR-LA, CAP OC, Jamboree Housing Corporation, KCS, OC Human Relations, OCAPICA, OCCCO, Southland Integrated Services, Inc., , ",cbo7,KCS
159,Irvine,"AASCSC, CAIR-LA, CAP OC, Council on Americans Islamic Relations, Jamboree Housing Corporation, KCS, OC Herald Center, Orange County Labor Federation, Orange County United Way",cbo7,OC Herald Center
166,Orange,"AASCSC, AltaMed, CAIR-LA, California Healthy Nail Salon Collaborative, CAP OC, Catholic Charities of Orange County, CHIRLA, Clergy and Laity United for Economic Justice, Community Health Initiative of Orange County, Help Me Grow, Hope Community Services , KCS, Latino Health Access, OC Human Relations, Orange County Labor Federation , Orange County United Way, South Asian Network, Southland Integrated Services, Inc., The Cambodian Family, VietRISE, WAVE",cbo7,CHIRLA
171,Santa Ana,"AASCSC, AltaMed, CAP OC, Catholic Charities of Orange County, Charitable Ventures, Clergy and Laity United for Economic Justice, Coalition of Orange County Community Health Centers , Community Health Initiative of Orange County , Latino Health Access, MOMS Orange County, NALEO, OC Herald Center, OC Human Relations, OCAPICA, OCCCO, Orange County Labor Federation, Orange County United Way, Project Access, Southland Integrated Services, Inc, The Cambodian Family, The LGBTQ Center OC",cbo7,Coalition of Orange County Community Health Centers 
174,Westminster,"AASCSC, Access California Services, California Healthy Nail Salon Collaborative, CAP OC, MOMS Orange County, OCAPICA, Orange County United Way, Southland Integrated Services, Inc. , VietRISE",cbo7,Orange County United Way
175,Anaheim,"Access California Services, CAIR-LA, CAP OC, Clergy and Laity United for Economic Justice, Institute for Healthcare Advancement , Jamboree Housing Corporation, KCS, NALEO Educational Fund, OC Human Relations, OC Labor , OCAPICA, OCCCO, Orange County United Way, Project Access, South Asian Network, The LGBTQ Center OC",cbo8,NALEO Educational Fund
181,Fullerton,"Access California Services, CAIR-LA, CAP OC, Discovery Cube OC, Jamboree Housing Corporation, KCS, OC Human Relations, OCCCO",cbo8,OCCCO
182,Garden Grove,"Access California Services, AltaMed, Boys & Girls Clubs of Garden Grove, CAIR-LA, CAP OC, Jamboree Housing Corporation, KCS, OC Human Relations, OCAPICA, OCCCO, Southland Integrated Services, Inc., , ",cbo8,OC Human Relations
184,Irvine,"AASCSC, CAIR-LA, CAP OC, Council on Americans Islamic Relations, Jamboree Housing Corporation, KCS, OC Herald Center, Orange County Labor Federation, Orange County United Way",cbo8,Orange County Labor Federation
191,Orange,"AASCSC, AltaMed, CAIR-LA, California Healthy Nail Salon Collaborative, CAP OC, Catholic Charities of Orange County, CHIRLA, Clergy and Laity United for Economic Justice, Community Health Initiative of Orange County, Help Me Grow, Hope Community Services , KCS, Latino Health Access, OC Human Relations, Orange County Labor Federation , Orange County United Way, South Asian Network, Southland Integrated Services, Inc., The Cambodian Family, VietRISE, WAVE",cbo8,Clergy and Laity United for Economic Justice
196,Santa Ana,"AASCSC, AltaMed, CAP OC, Catholic Charities of Orange County, Charitable Ventures, Clergy and Laity United for Economic Justice, Coalition of Orange County Community Health Centers , Community Health Initiative of Orange County , Latino Health Access, MOMS Orange County, NALEO, OC Herald Center, OC Human Relations, OCAPICA, OCCCO, Orange County Labor Federation, Orange County United Way, Project Access, Southland Integrated Services, Inc, The Cambodian Family, The LGBTQ Center OC",cbo8,Community Health Initiative of Orange County 
199,Westminster,"AASCSC, Access California Services, California Healthy Nail Salon Collaborative, CAP OC, MOMS Orange County, OCAPICA, Orange County United Way, Southland Integrated Services, Inc. , VietRISE",cbo8,Southland Integrated Services
200,Anaheim,"Access California Services, CAIR-LA, CAP OC, Clergy and Laity United for Economic Justice, Institute for Healthcare Advancement , Jamboree Housing Corporation, KCS, NALEO Educational Fund, OC Human Relations, OC Labor , OCAPICA, OCCCO, Orange County United Way, Project Access, South Asian Network, The LGBTQ Center OC",cbo9,OC Human Relations
207,Garden Grove,"Access California Services, AltaMed, Boys & Girls Clubs of Garden Grove, CAIR-LA, CAP OC, Jamboree Housing Corporation, KCS, OC Human Relations, OCAPICA, OCCCO, Southland Integrated Services, Inc., , ",cbo9,OCAPICA
209,Irvine,"AASCSC, CAIR-LA, CAP OC, Council on Americans Islamic Relations, Jamboree Housing Corporation, KCS, OC Herald Center, Orange County Labor Federation, Orange County United Way",cbo9,Orange County United Way
216,Orange,"AASCSC, AltaMed, CAIR-LA, California Healthy Nail Salon Collaborative, CAP OC, Catholic Charities of Orange County, CHIRLA, Clergy and Laity United for Economic Justice, Community Health Initiative of Orange County, Help Me Grow, Hope Community Services , KCS, Latino Health Access, OC Human Relations, Orange County Labor Federation , Orange County United Way, South Asian Network, Southland Integrated Services, Inc., The Cambodian Family, VietRISE, WAVE",cbo9,Community Health Initiative of Orange County
221,Santa Ana,"AASCSC, AltaMed, CAP OC, Catholic Charities of Orange County, Charitable Ventures, Clergy and Laity United for Economic Justice, Coalition of Orange County Community Health Centers , Community Health Initiative of Orange County , Latino Health Access, MOMS Orange County, NALEO, OC Herald Center, OC Human Relations, OCAPICA, OCCCO, Orange County Labor Federation, Orange County United Way, Project Access, Southland Integrated Services, Inc, The Cambodian Family, The LGBTQ Center OC",cbo9,Latino Health Access
224,Westminster,"AASCSC, Access California Services, California Healthy Nail Salon Collaborative, CAP OC, MOMS Orange County, OCAPICA, Orange County United Way, Southland Integrated Services, Inc. , VietRISE",cbo9,Inc. 
225,Anaheim,"Access California Services, CAIR-LA, CAP OC, Clergy and Laity United for Economic Justice, Institute for Healthcare Advancement , Jamboree Housing Corporation, KCS, NALEO Educational Fund, OC Human Relations, OC Labor , OCAPICA, OCCCO, Orange County United Way, Project Access, South Asian Network, The LGBTQ Center OC",cbo10,OC Labor 
232,Garden Grove,"Access California Services, AltaMed, Boys & Girls Clubs of Garden Grove, CAIR-LA, CAP OC, Jamboree Housing Corporation, KCS, OC Human Relations, OCAPICA, OCCCO, Southland Integrated Services, Inc., , ",cbo10,OCCCO
241,Orange,"AASCSC, AltaMed, CAIR-LA, California Healthy Nail Salon Collaborative, CAP OC, Catholic Charities of Orange County, CHIRLA, Clergy and Laity United for Economic Justice, Community Health Initiative of Orange County, Help Me Grow, Hope Community Services , KCS, Latino Health Access, OC Human Relations, Orange County Labor Federation , Orange County United Way, South Asian Network, Southland Integrated Services, Inc., The Cambodian Family, VietRISE, WAVE",cbo10,Help Me Grow
246,Santa Ana,"AASCSC, AltaMed, CAP OC, Catholic Charities of Orange County, Charitable Ventures, Clergy and Laity United for Economic Justice, Coalition of Orange County Community Health Centers , Community Health Initiative of Orange County , Latino Health Access, MOMS Orange County, NALEO, OC Herald Center, OC Human Relations, OCAPICA, OCCCO, Orange County Labor Federation, Orange County United Way, Project Access, Southland Integrated Services, Inc, The Cambodian Family, The LGBTQ Center OC",cbo10,MOMS Orange County
249,Westminster,"AASCSC, Access California Services, California Healthy Nail Salon Collaborative, CAP OC, MOMS Orange County, OCAPICA, Orange County United Way, Southland Integrated Services, Inc. , VietRISE",cbo10,VietRISE
250,Anaheim,"Access California Services, CAIR-LA, CAP OC, Clergy and Laity United for Economic Justice, Institute for Healthcare Advancement , Jamboree Housing Corporation, KCS, NALEO Educational Fund, OC Human Relations, OC Labor , OCAPICA, OCCCO, Orange County United Way, Project Access, South Asian Network, The LGBTQ Center OC",cbo11,OCAPICA
257,Garden Grove,"Access California Services, AltaMed, Boys & Girls Clubs of Garden Grove, CAIR-LA, CAP OC, Jamboree Housing Corporation, KCS, OC Human Relations, OCAPICA, OCCCO, Southland Integrated Services, Inc., , ",cbo11,Southland Integrated Services
266,Orange,"AASCSC, AltaMed, CAIR-LA, California Healthy Nail Salon Collaborative, CAP OC, Catholic Charities of Orange County, CHIRLA, Clergy and Laity United for Economic Justice, Community Health Initiative of Orange County, Help Me Grow, Hope Community Services , KCS, Latino Health Access, OC Human Relations, Orange County Labor Federation , Orange County United Way, South Asian Network, Southland Integrated Services, Inc., The Cambodian Family, VietRISE, WAVE",cbo11,Hope Community Services 
271,Santa Ana,"AASCSC, AltaMed, CAP OC, Catholic Charities of Orange County, Charitable Ventures, Clergy and Laity United for Economic Justice, Coalition of Orange County Community Health Centers , Community Health Initiative of Orange County , Latino Health Access, MOMS Orange County, NALEO, OC Herald Center, OC Human Relations, OCAPICA, OCCCO, Orange County Labor Federation, Orange County United Way, Project Access, Southland Integrated Services, Inc, The Cambodian Family, The LGBTQ Center OC",cbo11,NALEO
275,Anaheim,"Access California Services, CAIR-LA, CAP OC, Clergy and Laity United for Economic Justice, Institute for Healthcare Advancement , Jamboree Housing Corporation, KCS, NALEO Educational Fund, OC Human Relations, OC Labor , OCAPICA, OCCCO, Orange County United Way, Project Access, South Asian Network, The LGBTQ Center OC",cbo12,OCCCO
282,Garden Grove,"Access California Services, AltaMed, Boys & Girls Clubs of Garden Grove, CAIR-LA, CAP OC, Jamboree Housing Corporation, KCS, OC Human Relations, OCAPICA, OCCCO, Southland Integrated Services, Inc., , ",cbo12,Inc.
291,Orange,"AASCSC, AltaMed, CAIR-LA, California Healthy Nail Salon Collaborative, CAP OC, Catholic Charities of Orange County, CHIRLA, Clergy and Laity United for Economic Justice, Community Health Initiative of Orange County, Help Me Grow, Hope Community Services , KCS, Latino Health Access, OC Human Relations, Orange County Labor Federation , Orange County United Way, South Asian Network, Southland Integrated Services, Inc., The Cambodian Family, VietRISE, WAVE",cbo12,KCS
296,Santa Ana,"AASCSC, AltaMed, CAP OC, Catholic Charities of Orange County, Charitable Ventures, Clergy and Laity United for Economic Justice, Coalition of Orange County Community Health Centers , Community Health Initiative of Orange County , Latino Health Access, MOMS Orange County, NALEO, OC Herald Center, OC Human Relations, OCAPICA, OCCCO, Orange County Labor Federation, Orange County United Way, Project Access, Southland Integrated Services, Inc, The Cambodian Family, The LGBTQ Center OC",cbo12,OC Herald Center
300,Anaheim,"Access California Services, CAIR-LA, CAP OC, Clergy and Laity United for Economic Justice, Institute for Healthcare Advancement , Jamboree Housing Corporation, KCS, NALEO Educational Fund, OC Human Relations, OC Labor , OCAPICA, OCCCO, Orange County United Way, Project Access, South Asian Network, The LGBTQ Center OC",cbo13,Orange County United Way
307,Garden Grove,"Access California Services, AltaMed, Boys & Girls Clubs of Garden Grove, CAIR-LA, CAP OC, Jamboree Housing Corporation, KCS, OC Human Relations, OCAPICA, OCCCO, Southland Integrated Services, Inc., , ",cbo13,
316,Orange,"AASCSC, AltaMed, CAIR-LA, California Healthy Nail Salon Collaborative, CAP OC, Catholic Charities of Orange County, CHIRLA, Clergy and Laity United for Economic Justice, Community Health Initiative of Orange County, Help Me Grow, Hope Community Services , KCS, Latino Health Access, OC Human Relations, Orange County Labor Federation , Orange County United Way, South Asian Network, Southland Integrated Services, Inc., The Cambodian Family, VietRISE, WAVE",cbo13,Latino Health Access
321,Santa Ana,"AASCSC, AltaMed, CAP OC, Catholic Charities of Orange County, Charitable Ventures, Clergy and Laity United for Economic Justice, Coalition of Orange County Community Health Centers , Community Health Initiative of Orange County , Latino Health Access, MOMS Orange County, NALEO, OC Herald Center, OC Human Relations, OCAPICA, OCCCO, Orange County Labor Federation, Orange County United Way, Project Access, Southland Integrated Services, Inc, The Cambodian Family, The LGBTQ Center OC",cbo13,OC Human Relations
325,Anaheim,"Access California Services, CAIR-LA, CAP OC, Clergy and Laity United for Economic Justice, Institute for Healthcare Advancement , Jamboree Housing Corporation, KCS, NALEO Educational Fund, OC Human Relations, OC Labor , OCAPICA, OCCCO, Orange County United Way, Project Access, South Asian Network, The LGBTQ Center OC",cbo14,Project Access
332,Garden Grove,"Access California Services, AltaMed, Boys & Girls Clubs of Garden Grove, CAIR-LA, CAP OC, Jamboree Housing Corporation, KCS, OC Human Relations, OCAPICA, OCCCO, Southland Integrated Services, Inc., , ",cbo14,
341,Orange,"AASCSC, AltaMed, CAIR-LA, California Healthy Nail Salon Collaborative, CAP OC, Catholic Charities of Orange County, CHIRLA, Clergy and Laity United for Economic Justice, Community Health Initiative of Orange County, Help Me Grow, Hope Community Services , KCS, Latino Health Access, OC Human Relations, Orange County Labor Federation , Orange County United Way, South Asian Network, Southland Integrated Services, Inc., The Cambodian Family, VietRISE, WAVE",cbo14,OC Human Relations
346,Santa Ana,"AASCSC, AltaMed, CAP OC, Catholic Charities of Orange County, Charitable Ventures, Clergy and Laity United for Economic Justice, Coalition of Orange County Community Health Centers , Community Health Initiative of Orange County , Latino Health Access, MOMS Orange County, NALEO, OC Herald Center, OC Human Relations, OCAPICA, OCCCO, Orange County Labor Federation, Orange County United Way, Project Access, Southland Integrated Services, Inc, The Cambodian Family, The LGBTQ Center OC",cbo14,OCAPICA
350,Anaheim,"Access California Services, CAIR-LA, CAP OC, Clergy and Laity United for Economic Justice, Institute for Healthcare Advancement , Jamboree Housing Corporation, KCS, NALEO Educational Fund, OC Human Relations, OC Labor , OCAPICA, OCCCO, Orange County United Way, Project Access, South Asian Network, The LGBTQ Center OC",cbo15,South Asian Network
366,Orange,"AASCSC, AltaMed, CAIR-LA, California Healthy Nail Salon Collaborative, CAP OC, Catholic Charities of Orange County, CHIRLA, Clergy and Laity United for Economic Justice, Community Health Initiative of Orange County, Help Me Grow, Hope Community Services , KCS, Latino Health Access, OC Human Relations, Orange County Labor Federation , Orange County United Way, South Asian Network, Southland Integrated Services, Inc., The Cambodian Family, VietRISE, WAVE",cbo15,Orange County Labor Federation 
371,Santa Ana,"AASCSC, AltaMed, CAP OC, Catholic Charities of Orange County, Charitable Ventures, Clergy and Laity United for Economic Justice, Coalition of Orange County Community Health Centers , Community Health Initiative of Orange County , Latino Health Access, MOMS Orange County, NALEO, OC Herald Center, OC Human Relations, OCAPICA, OCCCO, Orange County Labor Federation, Orange County United Way, Project Access, Southland Integrated Services, Inc, The Cambodian Family, The LGBTQ Center OC",cbo15,OCCCO
375,Anaheim,"Access California Services, CAIR-LA, CAP OC, Clergy and Laity United for Economic Justice, Institute for Healthcare Advancement , Jamboree Housing Corporation, KCS, NALEO Educational Fund, OC Human Relations, OC Labor , OCAPICA, OCCCO, Orange County United Way, Project Access, South Asian Network, The LGBTQ Center OC",cbo16,The LGBTQ Center OC
391,Orange,"AASCSC, AltaMed, CAIR-LA, California Healthy Nail Salon Collaborative, CAP OC, Catholic Charities of Orange County, CHIRLA, Clergy and Laity United for Economic Justice, Community Health Initiative of Orange County, Help Me Grow, Hope Community Services , KCS, Latino Health Access, OC Human Relations, Orange County Labor Federation , Orange County United Way, South Asian Network, Southland Integrated Services, Inc., The Cambodian Family, VietRISE, WAVE",cbo16,Orange County United Way
396,Santa Ana,"AASCSC, AltaMed, CAP OC, Catholic Charities of Orange County, Charitable Ventures, Clergy and Laity United for Economic Justice, Coalition of Orange County Community Health Centers , Community Health Initiative of Orange County , Latino Health Access, MOMS Orange County, NALEO, OC Herald Center, OC Human Relations, OCAPICA, OCCCO, Orange County Labor Federation, Orange County United Way, Project Access, Southland Integrated Services, Inc, The Cambodian Family, The LGBTQ Center OC",cbo16,Orange County Labor Federation
416,Orange,"AASCSC, AltaMed, CAIR-LA, California Healthy Nail Salon Collaborative, CAP OC, Catholic Charities of Orange County, CHIRLA, Clergy and Laity United for Economic Justice, Community Health Initiative of Orange County, Help Me Grow, Hope Community Services , KCS, Latino Health Access, OC Human Relations, Orange County Labor Federation , Orange County United Way, South Asian Network, Southland Integrated Services, Inc., The Cambodian Family, VietRISE, WAVE",cbo17,South Asian Network
421,Santa Ana,"AASCSC, AltaMed, CAP OC, Catholic Charities of Orange County, Charitable Ventures, Clergy and Laity United for Economic Justice, Coalition of Orange County Community Health Centers , Community Health Initiative of Orange County , Latino Health Access, MOMS Orange County, NALEO, OC Herald Center, OC Human Relations, OCAPICA, OCCCO, Orange County Labor Federation, Orange County United Way, Project Access, Southland Integrated Services, Inc, The Cambodian Family, The LGBTQ Center OC",cbo17,Orange County United Way
441,Orange,"AASCSC, AltaMed, CAIR-LA, California Healthy Nail Salon Collaborative, CAP OC, Catholic Charities of Orange County, CHIRLA, Clergy and Laity United for Economic Justice, Community Health Initiative of Orange County, Help Me Grow, Hope Community Services , KCS, Latino Health Access, OC Human Relations, Orange County Labor Federation , Orange County United Way, South Asian Network, Southland Integrated Services, Inc., The Cambodian Family, VietRISE, WAVE",cbo18,Southland Integrated Services
446,Santa Ana,"AASCSC, AltaMed, CAP OC, Catholic Charities of Orange County, Charitable Ventures, Clergy and Laity United for Economic Justice, Coalition of Orange County Community Health Centers , Community Health Initiative of Orange County , Latino Health Access, MOMS Orange County, NALEO, OC Herald Center, OC Human Relations, OCAPICA, OCCCO, Orange County Labor Federation, Orange County United Way, Project Access, Southland Integrated Services, Inc, The Cambodian Family, The LGBTQ Center OC",cbo18,Project Access
466,Orange,"AASCSC, AltaMed, CAIR-LA, California Healthy Nail Salon Collaborative, CAP OC, Catholic Charities of Orange County, CHIRLA, Clergy and Laity United for Economic Justice, Community Health Initiative of Orange County, Help Me Grow, Hope Community Services , KCS, Latino Health Access, OC Human Relations, Orange County Labor Federation , Orange County United Way, South Asian Network, Southland Integrated Services, Inc., The Cambodian Family, VietRISE, WAVE",cbo19,Inc.
471,Santa Ana,"AASCSC, AltaMed, CAP OC, Catholic Charities of Orange County, Charitable Ventures, Clergy and Laity United for Economic Justice, Coalition of Orange County Community Health Centers , Community Health Initiative of Orange County , Latino Health Access, MOMS Orange County, NALEO, OC Herald Center, OC Human Relations, OCAPICA, OCCCO, Orange County Labor Federation, Orange County United Way, Project Access, Southland Integrated Services, Inc, The Cambodian Family, The LGBTQ Center OC",cbo19,Southland Integrated Services
491,Orange,"AASCSC, AltaMed, CAIR-LA, California Healthy Nail Salon Collaborative, CAP OC, Catholic Charities of Orange County, CHIRLA, Clergy and Laity United for Economic Justice, Community Health Initiative of Orange County, Help Me Grow, Hope Community Services , KCS, Latino Health Access, OC Human Relations, Orange County Labor Federation , Orange County United Way, South Asian Network, Southland Integrated Services, Inc., The Cambodian Family, VietRISE, WAVE",cbo20,The Cambodian Family
496,Santa Ana,"AASCSC, AltaMed, CAP OC, Catholic Charities of Orange County, Charitable Ventures, Clergy and Laity United for Economic Justice, Coalition of Orange County Community Health Centers , Community Health Initiative of Orange County , Latino Health Access, MOMS Orange County, NALEO, OC Herald Center, OC Human Relations, OCAPICA, OCCCO, Orange County Labor Federation, Orange County United Way, Project Access, Southland Integrated Services, Inc, The Cambodian Family, The LGBTQ Center OC",cbo20,Inc
516,Orange,"AASCSC, AltaMed, CAIR-LA, California Healthy Nail Salon Collaborative, CAP OC, Catholic Charities of Orange County, CHIRLA, Clergy and Laity United for Economic Justice, Community Health Initiative of Orange County, Help Me Grow, Hope Community Services , KCS, Latino Health Access, OC Human Relations, Orange County Labor Federation , Orange County United Way, South Asian Network, Southland Integrated Services, Inc., The Cambodian Family, VietRISE, WAVE",cbo21,VietRISE
521,Santa Ana,"AASCSC, AltaMed, CAP OC, Catholic Charities of Orange County, Charitable Ventures, Clergy and Laity United for Economic Justice, Coalition of Orange County Community Health Centers , Community Health Initiative of Orange County , Latino Health Access, MOMS Orange County, NALEO, OC Herald Center, OC Human Relations, OCAPICA, OCCCO, Orange County Labor Federation, Orange County United Way, Project Access, Southland Integrated Services, Inc, The Cambodian Family, The LGBTQ Center OC",cbo21,The Cambodian Family
541,Orange,"AASCSC, AltaMed, CAIR-LA, California Healthy Nail Salon Collaborative, CAP OC, Catholic Charities of Orange County, CHIRLA, Clergy and Laity United for Economic Justice, Community Health Initiative of Orange County, Help Me Grow, Hope Community Services , KCS, Latino Health Access, OC Human Relations, Orange County Labor Federation , Orange County United Way, South Asian Network, Southland Integrated Services, Inc., The Cambodian Family, VietRISE, WAVE",cbo22,WAVE
546,Santa Ana,"AASCSC, AltaMed, CAP OC, Catholic Charities of Orange County, Charitable Ventures, Clergy and Laity United for Economic Justice, Coalition of Orange County Community Health Centers , Community Health Initiative of Orange County , Latino Health Access, MOMS Orange County, NALEO, OC Herald Center, OC Human Relations, OCAPICA, OCCCO, Orange County Labor Federation, Orange County United Way, Project Access, Southland Integrated Services, Inc, The Cambodian Family, The LGBTQ Center OC",cbo22,The LGBTQ Center OC
